<?xml version="1.0" encoding="UTF-8"?>
<launch4jConfig>
  <dontWrapJar>false</dontWrapJar>
  <headerType>gui</headerType>
  <jar>E:\dev\projects\eclipse\JavaSDKSample\SDKSample.jar</jar>
  <outfile>E:\dev\projects\eclipse\JavaSDKSample\SDKSample.exe</outfile>
  <errTitle></errTitle>
  <cmdLine></cmdLine>
  <chdir>.</chdir>
  <priority>normal</priority>
  <downloadUrl>http://java.com/download</downloadUrl>
  <supportUrl></supportUrl>
  <stayAlive>false</stayAlive>
  <restartOnCrash>false</restartOnCrash>
  <manifest></manifest>
  <icon></icon>
  <classPath>
    <mainClass>com.hyundaipay.hdac.sample.Main</mainClass>
  </classPath>
  <jre>
    <path></path>
    <bundledJre64Bit>false</bundledJre64Bit>
    <bundledJreAsFallback>false</bundledJreAsFallback>
    <minVersion>1.8.0_121</minVersion>
    <maxVersion></maxVersion>
    <jdkPreference>preferJre</jdkPreference>
    <runtimeBits>64/32</runtimeBits>
  </jre>
  <versionInfo>
    <fileVersion>0.1.0.0</fileVersion>
    <txtFileVersion>v0.1.0.0</txtFileVersion>
    <fileDescription>Sample application for Hdac java SDK </fileDescription>
    <copyright>hyundai-pay</copyright>
    <productVersion>0.1.0.0</productVersion>
    <txtProductVersion>v0.1.0.0</txtProductVersion>
    <productName>SDKSample</productName>
    <companyName>hyundai-pay</companyName>
    <internalName>SDKSample</internalName>
    <originalFilename>SDKSample.exe</originalFilename>
    <trademarks></trademarks>
    <language>KOREAN</language>
  </versionInfo>
</launch4jConfig>